create table 会員
(
    会員コード    int                         not null
        primary key,
    氏名       varchar(50) not null,
    ポイント       int default 0               not null,
    最終使用日 date                        null
);

INSERT INTO 会員 (会員コード, 氏名, ポイント, 最終使用日) VALUES (1, '石井 伸', 9711, '2018-10-14');
INSERT INTO 会員 (会員コード, 氏名, ポイント, 最終使用日) VALUES (2, '森山 有佳里', 7152, '2019-04-28');
INSERT INTO 会員 (会員コード, 氏名, ポイント, 最終使用日) VALUES (3, '神田 一誠', 0, '2022-08-25');
INSERT INTO 会員 (会員コード, 氏名, ポイント, 最終使用日) VALUES (4, '飯沼 雅貴', 6269, '2020-06-12');
INSERT INTO 会員 (会員コード, 氏名, ポイント, 最終使用日) VALUES (5, '村上 高志', 9000, '2018-06-20');
INSERT INTO 会員 (会員コード, 氏名, ポイント, 最終使用日) VALUES (6, '梅田 雄樹', 5593, '2022-09-20');
INSERT INTO 会員 (会員コード, 氏名, ポイント, 最終使用日) VALUES (7, '斉藤 加代子', 9513, '2018-02-04');
INSERT INTO 会員 (会員コード, 氏名, ポイント, 最終使用日) VALUES (8, '田中 輔', 2557, '2022-08-10');
INSERT INTO 会員 (会員コード, 氏名, ポイント, 最終使用日) VALUES (9, '後藤 浩二', 5295, '2018-02-01');
INSERT INTO 会員 (会員コード, 氏名, ポイント, 最終使用日) VALUES (10, '姉崎 雄介', 790, '2021-10-18');
INSERT INTO 会員 (会員コード, 氏名, ポイント, 最終使用日) VALUES (11, '小俣 篤', 0, '2021-05-19');
INSERT INTO 会員 (会員コード, 氏名, ポイント, 最終使用日) VALUES (12, '渋谷 毅', 4470, '2019-03-18');
INSERT INTO 会員 (会員コード, 氏名, ポイント, 最終使用日) VALUES (13, '杉本 麻美', 6262, '2021-02-23');
INSERT INTO 会員 (会員コード, 氏名, ポイント, 最終使用日) VALUES (14, '大八木 諒一', 7794, '2021-02-20');
INSERT INTO 会員 (会員コード, 氏名, ポイント, 最終使用日) VALUES (15, '大石 彩子', 6396, '2022-12-27');
INSERT INTO 会員 (会員コード, 氏名, ポイント, 最終使用日) VALUES (16, '酒井 真理', 824, '2019-07-19');
INSERT INTO 会員 (会員コード, 氏名, ポイント, 最終使用日) VALUES (17, '石浦 正樹', 9243, '2018-10-04');
INSERT INTO 会員 (会員コード, 氏名, ポイント, 最終使用日) VALUES (18, '大原 麻衣', 0, '2020-03-13');
INSERT INTO 会員 (会員コード, 氏名, ポイント, 最終使用日) VALUES (19, '八木澤 志帆', 0, '2018-11-09');
INSERT INTO 会員 (会員コード, 氏名, ポイント, 最終使用日) VALUES (20, '山田 裕之', 7110, '2019-09-22');
INSERT INTO 会員 (会員コード, 氏名, ポイント, 最終使用日) VALUES (21, '海老名 好明', 895, '2021-04-29');
INSERT INTO 会員 (会員コード, 氏名, ポイント, 最終使用日) VALUES (22, '関本 喬', 4474, '2021-02-12');
INSERT INTO 会員 (会員コード, 氏名, ポイント, 最終使用日) VALUES (23, '松井 拓郎', 1542, '2021-03-20');
INSERT INTO 会員 (会員コード, 氏名, ポイント, 最終使用日) VALUES (24, '酒井 良太', 0, '2021-06-01');
INSERT INTO 会員 (会員コード, 氏名, ポイント, 最終使用日) VALUES (25, '小松 賢太郎', 8541, '2020-07-22');
INSERT INTO 会員 (会員コード, 氏名, ポイント, 最終使用日) VALUES (26, '篠崎 良子', 3979, '2021-07-25');
INSERT INTO 会員 (会員コード, 氏名, ポイント, 最終使用日) VALUES (27, '吉井 佳子', 9315, '2018-05-16');
INSERT INTO 会員 (会員コード, 氏名, ポイント, 最終使用日) VALUES (28, '村瀬 朋也', 3770, '2018-07-26');
INSERT INTO 会員 (会員コード, 氏名, ポイント, 最終使用日) VALUES (29, '藤山 梨沙', 0, '2020-05-16');
INSERT INTO 会員 (会員コード, 氏名, ポイント, 最終使用日) VALUES (30, '三觜 幸', 3260, '2022-04-14');
INSERT INTO 会員 (会員コード, 氏名, ポイント, 最終使用日) VALUES (31, '水谷 勇紀', 1475, '2019-02-14');
INSERT INTO 会員 (会員コード, 氏名, ポイント, 最終使用日) VALUES (32, '本吉 隆久', 8737, '2020-08-01');
INSERT INTO 会員 (会員コード, 氏名, ポイント, 最終使用日) VALUES (33, '篠原 佳代', 1796, '2022-04-14');
INSERT INTO 会員 (会員コード, 氏名, ポイント, 最終使用日) VALUES (34, '五十嵐 このみ', 5150, '2019-06-10');
INSERT INTO 会員 (会員コード, 氏名, ポイント, 最終使用日) VALUES (35, '平岡 雅紀', 8801, '2021-06-01');
INSERT INTO 会員 (会員コード, 氏名, ポイント, 最終使用日) VALUES (36, '坂口 尚子', 85, '2022-11-04');
INSERT INTO 会員 (会員コード, 氏名, ポイント, 最終使用日) VALUES (37, '廣瀬 嵩', 4248, '2022-05-31');
INSERT INTO 会員 (会員コード, 氏名, ポイント, 最終使用日) VALUES (38, '金井 亮太', 9469, '2019-12-05');
INSERT INTO 会員 (会員コード, 氏名, ポイント, 最終使用日) VALUES (39, '松田 淳子', 8059, '2021-12-20');
INSERT INTO 会員 (会員コード, 氏名, ポイント, 最終使用日) VALUES (40, '川井 新', 9031, '2018-06-09');
INSERT INTO 会員 (会員コード, 氏名, ポイント, 最終使用日) VALUES (41, '高井 裕之', 6498, '2019-03-14');
INSERT INTO 会員 (会員コード, 氏名, ポイント, 最終使用日) VALUES (42, '濱上 理奈', 1928, '2022-12-12');
INSERT INTO 会員 (会員コード, 氏名, ポイント, 最終使用日) VALUES (43, '菊地 昌彦', 7428, '2022-07-07');
INSERT INTO 会員 (会員コード, 氏名, ポイント, 最終使用日) VALUES (44, '高塚 直行', 3052, '2021-03-16');
INSERT INTO 会員 (会員コード, 氏名, ポイント, 最終使用日) VALUES (45, '原田 茂弘', 3753, '2020-06-01');
INSERT INTO 会員 (会員コード, 氏名, ポイント, 最終使用日) VALUES (46, '北 貴子', 3095, '2020-11-04');
INSERT INTO 会員 (会員コード, 氏名, ポイント, 最終使用日) VALUES (47, '大畑 慧', 9314, '2018-06-12');
INSERT INTO 会員 (会員コード, 氏名, ポイント, 最終使用日) VALUES (48, '橋本 知宏', 1679, '2020-05-14');
INSERT INTO 会員 (会員コード, 氏名, ポイント, 最終使用日) VALUES (49, '秋山 慶介', 6432, '2020-05-17');
INSERT INTO 会員 (会員コード, 氏名, ポイント, 最終使用日) VALUES (50, '田中 明子', 6328, '2019-01-22');
INSERT INTO 会員 (会員コード, 氏名, ポイント, 最終使用日) VALUES (51, '田中 洋子', 5051, '2018-05-07');
INSERT INTO 会員 (会員コード, 氏名, ポイント, 最終使用日) VALUES (52, '岩本 裕之', 1735, '2018-05-23');
INSERT INTO 会員 (会員コード, 氏名, ポイント, 最終使用日) VALUES (53, '関 雅代', 8323, '2018-10-06');
INSERT INTO 会員 (会員コード, 氏名, ポイント, 最終使用日) VALUES (54, '菊池 亜美', 5270, '2021-05-18');
INSERT INTO 会員 (会員コード, 氏名, ポイント, 最終使用日) VALUES (55, '西村 直人', 9123, '2018-10-06');
INSERT INTO 会員 (会員コード, 氏名, ポイント, 最終使用日) VALUES (56, '松岡 大資', 1572, '2021-02-10');
INSERT INTO 会員 (会員コード, 氏名, ポイント, 最終使用日) VALUES (57, '齋藤 雄一', 2916, '2019-09-03');
INSERT INTO 会員 (会員コード, 氏名, ポイント, 最終使用日) VALUES (58, '渡辺 聡美', 7673, '2022-01-02');
INSERT INTO 会員 (会員コード, 氏名, ポイント, 最終使用日) VALUES (59, '井口 政夫', 2808, '2019-12-26');
INSERT INTO 会員 (会員コード, 氏名, ポイント, 最終使用日) VALUES (60, '渡辺 宏美', 3091, '2022-06-23');
INSERT INTO 会員 (会員コード, 氏名, ポイント, 最終使用日) VALUES (61, '木村 麻実', 5722, '2018-10-03');
INSERT INTO 会員 (会員コード, 氏名, ポイント, 最終使用日) VALUES (62, '西沢 拓也', 4692, '2020-01-26');
INSERT INTO 会員 (会員コード, 氏名, ポイント, 最終使用日) VALUES (63, '猪瀬 満', 5508, '2019-07-15');
INSERT INTO 会員 (会員コード, 氏名, ポイント, 最終使用日) VALUES (64, '寺倉 慎一', 7930, '2022-01-13');
INSERT INTO 会員 (会員コード, 氏名, ポイント, 最終使用日) VALUES (65, '中村 由美', 7213, '2019-10-27');
INSERT INTO 会員 (会員コード, 氏名, ポイント, 最終使用日) VALUES (66, '山口 貴行', 9432, '2019-12-08');
INSERT INTO 会員 (会員コード, 氏名, ポイント, 最終使用日) VALUES (67, '平山 純', 5866, '2022-05-21');
INSERT INTO 会員 (会員コード, 氏名, ポイント, 最終使用日) VALUES (68, '野村 一輝', 9213, '2018-09-22');
INSERT INTO 会員 (会員コード, 氏名, ポイント, 最終使用日) VALUES (69, '佐藤 真理恵', 8835, '2018-03-15');
INSERT INTO 会員 (会員コード, 氏名, ポイント, 最終使用日) VALUES (70, '森 なおみ', 4482, '2019-02-04');
INSERT INTO 会員 (会員コード, 氏名, ポイント, 最終使用日) VALUES (71, '秋元 浩一', 2009, '2018-11-03');
INSERT INTO 会員 (会員コード, 氏名, ポイント, 最終使用日) VALUES (72, '田中 智子', 1216, '2020-08-01');
INSERT INTO 会員 (会員コード, 氏名, ポイント, 最終使用日) VALUES (73, '安田 洋', 2656, '2022-02-14');
INSERT INTO 会員 (会員コード, 氏名, ポイント, 最終使用日) VALUES (74, '上田 昌人', 2561, '2022-02-21');
INSERT INTO 会員 (会員コード, 氏名, ポイント, 最終使用日) VALUES (75, '藤崎 美優', 2873, '2019-06-05');
INSERT INTO 会員 (会員コード, 氏名, ポイント, 最終使用日) VALUES (76, '中堀 厚', 2433, '2020-03-21');
INSERT INTO 会員 (会員コード, 氏名, ポイント, 最終使用日) VALUES (77, '矢澤 真美', 0, '2018-08-12');
INSERT INTO 会員 (会員コード, 氏名, ポイント, 最終使用日) VALUES (78, '後藤 真一', 0, '2018-08-05');
INSERT INTO 会員 (会員コード, 氏名, ポイント, 最終使用日) VALUES (79, '石田 勇紀', 1224, '2019-06-21');
INSERT INTO 会員 (会員コード, 氏名, ポイント, 最終使用日) VALUES (80, '渡辺 広', 0, '2018-02-18');
INSERT INTO 会員 (会員コード, 氏名, ポイント, 最終使用日) VALUES (81, '草刈 寛之', 8122, '2022-02-10');
INSERT INTO 会員 (会員コード, 氏名, ポイント, 最終使用日) VALUES (82, '中川 茜', 0, '2019-08-08');
INSERT INTO 会員 (会員コード, 氏名, ポイント, 最終使用日) VALUES (83, '木村 ちひろ', 0, '2020-11-26');
INSERT INTO 会員 (会員コード, 氏名, ポイント, 最終使用日) VALUES (84, '西舘 竜', 0, '2018-12-15');
INSERT INTO 会員 (会員コード, 氏名, ポイント, 最終使用日) VALUES (85, '山崎 芳人', 0, '2021-04-09');
INSERT INTO 会員 (会員コード, 氏名, ポイント, 最終使用日) VALUES (86, '波多野 利久', 0, '2020-11-01');
INSERT INTO 会員 (会員コード, 氏名, ポイント, 最終使用日) VALUES (87, '菅原 夕紀子', 4395, '2020-10-15');
INSERT INTO 会員 (会員コード, 氏名, ポイント, 最終使用日) VALUES (88, '大田 祐子', 7257, '2019-05-20');
INSERT INTO 会員 (会員コード, 氏名, ポイント, 最終使用日) VALUES (89, '田中 雅敏', 0, '2018-09-20');
INSERT INTO 会員 (会員コード, 氏名, ポイント, 最終使用日) VALUES (90, '武井 慎', 683, '2019-12-14');
INSERT INTO 会員 (会員コード, 氏名, ポイント, 最終使用日) VALUES (91, '大坪 史', 2366, '2020-11-27');
INSERT INTO 会員 (会員コード, 氏名, ポイント, 最終使用日) VALUES (92, '辻 貴志', 9788, '2020-08-05');
INSERT INTO 会員 (会員コード, 氏名, ポイント, 最終使用日) VALUES (93, '古川 貴子', 434, '2021-04-30');
INSERT INTO 会員 (会員コード, 氏名, ポイント, 最終使用日) VALUES (94, '釜谷 達也', 275, '2020-04-20');
INSERT INTO 会員 (会員コード, 氏名, ポイント, 最終使用日) VALUES (95, '山田 実香', 3696, '2021-05-07');
INSERT INTO 会員 (会員コード, 氏名, ポイント, 最終使用日) VALUES (96, '吉野 和希', 6019, '2023-01-10');
INSERT INTO 会員 (会員コード, 氏名, ポイント, 最終使用日) VALUES (97, '尾崎 民雄', 6208, '2020-08-06');
INSERT INTO 会員 (会員コード, 氏名, ポイント, 最終使用日) VALUES (98, '野口 健司', 0, '2019-08-16');
INSERT INTO 会員 (会員コード, 氏名, ポイント, 最終使用日) VALUES (99, '福岡 佳奈', 1443, '2022-05-14');
INSERT INTO 会員 (会員コード, 氏名, ポイント, 最終使用日) VALUES (100, '後藤 淳子', 628, '2022-01-30');

create table 商品
(
    商品コード     int          not null
        primary key,
    商品種別コード int          not null,
    商品名      varchar(100) not null,
    単価        int          not null,
    最終入荷日  date         null,
    型番        varchar(10)  null,
    割引価格    int          null
);

INSERT INTO 商品 (商品コード, 商品種別コード, 商品名, 単価, 最終入荷日, 型番, 割引価格) VALUES (1, 1, '鉛筆', 120, '2024-07-07', 'A', 84);
INSERT INTO 商品 (商品コード, 商品種別コード, 商品名, 単価, 最終入荷日, 型番, 割引価格) VALUES (2, 1, 'ボールペン', 150, '2022-07-07', 'A', 105);
INSERT INTO 商品 (商品コード, 商品種別コード, 商品名, 単価, 最終入荷日, 型番, 割引価格) VALUES (3, 1, '消しゴム', 130, '2024-08-25', 'ABC000', 91);
INSERT INTO 商品 (商品コード, 商品種別コード, 商品名, 単価, 最終入荷日, 型番, 割引価格) VALUES (4, 1, '定規', 90, '2021-05-21', null, 63);
INSERT INTO 商品 (商品コード, 商品種別コード, 商品名, 単価, 最終入荷日, 型番, 割引価格) VALUES (5, 1, '鉛筆ABC', 160, '2022-08-25', null, 112);
INSERT INTO 商品 (商品コード, 商品種別コード, 商品名, 単価, 最終入荷日, 型番, 割引価格) VALUES (6, 1, '鉛筆XYZ', 100, '2021-05-21', null, 70);
INSERT INTO 商品 (商品コード, 商品種別コード, 商品名, 単価, 最終入荷日, 型番, 割引価格) VALUES (7, 1, '鉛筆12345', 200, '2021-04-21', null, 140);
INSERT INTO 商品 (商品コード, 商品種別コード, 商品名, 単価, 最終入荷日, 型番, 割引価格) VALUES (8, 1, 'ボールペンA', 160, '2023-01-10', null, 112);
INSERT INTO 商品 (商品コード, 商品種別コード, 商品名, 単価, 最終入荷日, 型番, 割引価格) VALUES (9, 1, 'ボールペンB', 200, '2022-12-27', null, 140);
INSERT INTO 商品 (商品コード, 商品種別コード, 商品名, 単価, 最終入荷日, 型番, 割引価格) VALUES (10, 1, 'ボールペンC', 220, '2022-12-12', null, 154);
INSERT INTO 商品 (商品コード, 商品種別コード, 商品名, 単価, 最終入荷日, 型番, 割引価格) VALUES (11, 1, '高級ボールペンA', 500, '2021-11-04', null, 350);
INSERT INTO 商品 (商品コード, 商品種別コード, 商品名, 単価, 最終入荷日, 型番, 割引価格) VALUES (12, 1, '高級ボールペンB', 550, '2022-09-20', null, 385);
INSERT INTO 商品 (商品コード, 商品種別コード, 商品名, 単価, 最終入荷日, 型番, 割引価格) VALUES (13, 1, '高級ボールペンC', 600, '2022-08-25', null, 420);
INSERT INTO 商品 (商品コード, 商品種別コード, 商品名, 単価, 最終入荷日, 型番, 割引価格) VALUES (14, 1, '定規A', 100, '2022-08-10', 'ABC000', 45);
INSERT INTO 商品 (商品コード, 商品種別コード, 商品名, 単価, 最終入荷日, 型番, 割引価格) VALUES (15, 1, '定規B', 110, '2021-11-04', 'ABC120', 40);
INSERT INTO 商品 (商品コード, 商品種別コード, 商品名, 単価, 最終入荷日, 型番, 割引価格) VALUES (16, 1, '定規C', 110, '2022-06-23', 'ABC123', 30);
INSERT INTO 商品 (商品コード, 商品種別コード, 商品名, 単価, 最終入荷日, 型番, 割引価格) VALUES (17, 1, '定規ABC', 100, '2022-05-31', 'ABC1300', 70);
INSERT INTO 商品 (商品コード, 商品種別コード, 商品名, 単価, 最終入荷日, 型番, 割引価格) VALUES (18, 1, '定規XYZ', 200, '2022-05-21', 'Z1', 140);
INSERT INTO 商品 (商品コード, 商品種別コード, 商品名, 単価, 最終入荷日, 型番, 割引価格) VALUES (19, 2, '食パン', 160, '2022-05-14', null, 112);
INSERT INTO 商品 (商品コード, 商品種別コード, 商品名, 単価, 最終入荷日, 型番, 割引価格) VALUES (20, 2, '高級食パン', 400, '2022-04-14', null, 280);
INSERT INTO 商品 (商品コード, 商品種別コード, 商品名, 単価, 最終入荷日, 型番, 割引価格) VALUES (21, 2, 'あんぱん', 90, '2021-04-14', null, 63);
INSERT INTO 商品 (商品コード, 商品種別コード, 商品名, 単価, 最終入荷日, 型番, 割引価格) VALUES (22, 2, 'クリームぱん', 100, '2021-04-14', null, 70);
INSERT INTO 商品 (商品コード, 商品種別コード, 商品名, 単価, 最終入荷日, 型番, 割引価格) VALUES (23, 2, 'ジャムぱん', 110, '2021-11-04', null, 77);
INSERT INTO 商品 (商品コード, 商品種別コード, 商品名, 単価, 最終入荷日, 型番, 割引価格) VALUES (24, 2, 'アイスクリーム', 150, '2022-05-21', null, 105);
INSERT INTO 商品 (商品コード, 商品種別コード, 商品名, 単価, 最終入荷日, 型番, 割引価格) VALUES (25, 2, 'ゼリー', 140, '2021-11-04', null, 98);
INSERT INTO 商品 (商品コード, 商品種別コード, 商品名, 単価, 最終入荷日, 型番, 割引価格) VALUES (26, 2, 'ラーメン', 200, '2024-07-07', null, 140);
INSERT INTO 商品 (商品コード, 商品種別コード, 商品名, 単価, 最終入荷日, 型番, 割引価格) VALUES (27, 2, 'おにぎり', 140, '2024-07-07', null, 98);
INSERT INTO 商品 (商品コード, 商品種別コード, 商品名, 単価, 最終入荷日, 型番, 割引価格) VALUES (28, 2, 'サンドイッチ', 200, '2022-04-14', null, 140);
INSERT INTO 商品 (商品コード, 商品種別コード, 商品名, 単価, 最終入荷日, 型番, 割引価格) VALUES (29, 2, 'フランスパン', 220, '2021-05-21', null, 154);
INSERT INTO 商品 (商品コード, 商品種別コード, 商品名, 単価, 最終入荷日, 型番, 割引価格) VALUES (30, 2, 'うどん', 200, '2024-07-07', null, 140);
INSERT INTO 商品 (商品コード, 商品種別コード, 商品名, 単価, 最終入荷日, 型番, 割引価格) VALUES (31, 2, 'そば', 200, '2021-05-21', null, 140);
INSERT INTO 商品 (商品コード, 商品種別コード, 商品名, 単価, 最終入荷日, 型番, 割引価格) VALUES (32, 2, '高級うどん', 500, '2022-05-21', null, 350);
INSERT INTO 商品 (商品コード, 商品種別コード, 商品名, 単価, 最終入荷日, 型番, 割引価格) VALUES (33, 2, '寿司', 400, '2022-08-25', null, 280);
INSERT INTO 商品 (商品コード, 商品種別コード, 商品名, 単価, 最終入荷日, 型番, 割引価格) VALUES (34, 3, 'タオル', 200, '2022-05-21', null, 140);
INSERT INTO 商品 (商品コード, 商品種別コード, 商品名, 単価, 最終入荷日, 型番, 割引価格) VALUES (35, 3, 'ティッシュ', 120, '2022-05-21', null, 50);
INSERT INTO 商品 (商品コード, 商品種別コード, 商品名, 単価, 最終入荷日, 型番, 割引価格) VALUES (36, 3, 'ハンカチ', 180, '2021-04-14', null, 70);
INSERT INTO 商品 (商品コード, 商品種別コード, 商品名, 単価, 最終入荷日, 型番, 割引価格) VALUES (37, 3, 'タオルABC', 220, '2022-08-25', null, 154);
INSERT INTO 商品 (商品コード, 商品種別コード, 商品名, 単価, 最終入荷日, 型番, 割引価格) VALUES (38, 3, 'ウェットティッシュ', 190, '2021-04-14', null, 133);
INSERT INTO 商品 (商品コード, 商品種別コード, 商品名, 単価, 最終入荷日, 型番, 割引価格) VALUES (39, 3, '包帯', 250, '2021-04-14', null, 175);
INSERT INTO 商品 (商品コード, 商品種別コード, 商品名, 単価, 最終入荷日, 型番, 割引価格) VALUES (40, 3, '絆創膏', 200, '2022-08-25', null, 90);

create table 商品種別
(
    商品種別コード int                          not null
        primary key,
    商品種別名  varchar(100) not null
);

INSERT INTO 商品種別 (商品種別コード, 商品種別名) VALUES (1, '文房具');
INSERT INTO 商品種別 (商品種別コード, 商品種別名) VALUES (2, '食品');
INSERT INTO 商品種別 (商品種別コード, 商品種別名) VALUES (3, '雑貨');
INSERT INTO 商品種別 (商品種別コード, 商品種別名) VALUES (4, '電化製品');
INSERT INTO 商品種別 (商品種別コード, 商品種別名) VALUES (5, '書籍');
INSERT INTO 商品種別 (商品種別コード, 商品種別名) VALUES (6, '薬');


create table 売上
(
    売上番号 int           not null
        primary key,
    売上日時 datetime      not null,
    会員コード  int           not null,
    利用ポイント int default 0 not null
);

INSERT INTO 売上 (売上番号, 売上日時, 会員コード, 利用ポイント) VALUES (1, '2023-06-08 10:53:00', 1, 8883);
INSERT INTO 売上 (売上番号, 売上日時, 会員コード, 利用ポイント) VALUES (2, '2022-10-31 14:17:00', 1, 1392);
INSERT INTO 売上 (売上番号, 売上日時, 会員コード, 利用ポイント) VALUES (3, '2023-05-21 11:36:00', 2, 7535);
INSERT INTO 売上 (売上番号, 売上日時, 会員コード, 利用ポイント) VALUES (4, '2021-11-10 21:38:00', 1, 3976);
INSERT INTO 売上 (売上番号, 売上日時, 会員コード, 利用ポイント) VALUES (5, '2024-04-29 21:01:00', 2, 8856);
INSERT INTO 売上 (売上番号, 売上日時, 会員コード, 利用ポイント) VALUES (6, '2021-08-03 15:15:00', 2, 9276);
INSERT INTO 売上 (売上番号, 売上日時, 会員コード, 利用ポイント) VALUES (7, '2023-06-30 16:52:00', 2, 7128);
INSERT INTO 売上 (売上番号, 売上日時, 会員コード, 利用ポイント) VALUES (8, '2023-10-28 12:17:00', 3, 5050);
INSERT INTO 売上 (売上番号, 売上日時, 会員コード, 利用ポイント) VALUES (9, '2021-06-12 18:46:00', 5, 5071);
INSERT INTO 売上 (売上番号, 売上日時, 会員コード, 利用ポイント) VALUES (10, '2021-09-21 11:03:00', 1, 4840);
INSERT INTO 売上 (売上番号, 売上日時, 会員コード, 利用ポイント) VALUES (11, '2024-03-07 15:59:00', 5, 9351);
INSERT INTO 売上 (売上番号, 売上日時, 会員コード, 利用ポイント) VALUES (12, '2023-12-17 18:12:00', 5, 8310);
INSERT INTO 売上 (売上番号, 売上日時, 会員コード, 利用ポイント) VALUES (13, '2021-11-29 10:31:00', 4, 2226);
INSERT INTO 売上 (売上番号, 売上日時, 会員コード, 利用ポイント) VALUES (14, '2023-05-11 17:43:00', 5, 3702);
INSERT INTO 売上 (売上番号, 売上日時, 会員コード, 利用ポイント) VALUES (15, '2021-03-21 21:55:00', 6, 4104);
INSERT INTO 売上 (売上番号, 売上日時, 会員コード, 利用ポイント) VALUES (16, '2022-05-17 21:49:00', 6, 1946);
INSERT INTO 売上 (売上番号, 売上日時, 会員コード, 利用ポイント) VALUES (17, '2023-02-11 15:48:00', 5, 6102);
INSERT INTO 売上 (売上番号, 売上日時, 会員コード, 利用ポイント) VALUES (18, '2021-01-05 21:25:00', 1, 3220);
INSERT INTO 売上 (売上番号, 売上日時, 会員コード, 利用ポイント) VALUES (19, '2022-10-07 12:14:00', 1, 9752);
INSERT INTO 売上 (売上番号, 売上日時, 会員コード, 利用ポイント) VALUES (20, '2022-02-21 19:09:00', 50, 2586);
INSERT INTO 売上 (売上番号, 売上日時, 会員コード, 利用ポイント) VALUES (21, '2021-05-12 15:25:00', 80, 8695);
INSERT INTO 売上 (売上番号, 売上日時, 会員コード, 利用ポイント) VALUES (22, '2023-11-02 13:40:00', 39, 7984);
INSERT INTO 売上 (売上番号, 売上日時, 会員コード, 利用ポイント) VALUES (23, '2024-08-10 12:46:00', 38, 5355);
INSERT INTO 売上 (売上番号, 売上日時, 会員コード, 利用ポイント) VALUES (24, '2023-06-19 11:42:00', 39, 2102);
INSERT INTO 売上 (売上番号, 売上日時, 会員コード, 利用ポイント) VALUES (25, '2022-09-30 19:34:00', 31, 5315);
INSERT INTO 売上 (売上番号, 売上日時, 会員コード, 利用ポイント) VALUES (26, '2021-06-10 15:21:00', 30, 7452);
INSERT INTO 売上 (売上番号, 売上日時, 会員コード, 利用ポイント) VALUES (27, '2023-06-08 17:05:00', 41, 3393);
INSERT INTO 売上 (売上番号, 売上日時, 会員コード, 利用ポイント) VALUES (28, '2021-06-13 20:46:00', 41, 9178);
INSERT INTO 売上 (売上番号, 売上日時, 会員コード, 利用ポイント) VALUES (29, '2023-07-14 20:01:00', 41, 962);
INSERT INTO 売上 (売上番号, 売上日時, 会員コード, 利用ポイント) VALUES (30, '2023-02-05 14:14:00', 41, 350);
INSERT INTO 売上 (売上番号, 売上日時, 会員コード, 利用ポイント) VALUES (31, '2023-06-20 15:29:00', 60, 6104);
INSERT INTO 売上 (売上番号, 売上日時, 会員コード, 利用ポイント) VALUES (32, '2021-04-12 20:52:00', 41, 6241);
INSERT INTO 売上 (売上番号, 売上日時, 会員コード, 利用ポイント) VALUES (33, '2022-06-22 19:34:00', 41, 5054);
INSERT INTO 売上 (売上番号, 売上日時, 会員コード, 利用ポイント) VALUES (34, '2023-07-23 19:22:00', 41, 5390);
INSERT INTO 売上 (売上番号, 売上日時, 会員コード, 利用ポイント) VALUES (35, '2023-06-29 17:35:00', 41, 9651);
INSERT INTO 売上 (売上番号, 売上日時, 会員コード, 利用ポイント) VALUES (36, '2022-08-22 20:51:00', 41, 1630);
INSERT INTO 売上 (売上番号, 売上日時, 会員コード, 利用ポイント) VALUES (37, '2024-05-10 13:02:00', 41, 8142);
INSERT INTO 売上 (売上番号, 売上日時, 会員コード, 利用ポイント) VALUES (38, '2024-04-20 10:09:00', 41, 3571);
INSERT INTO 売上 (売上番号, 売上日時, 会員コード, 利用ポイント) VALUES (39, '2022-05-02 10:57:00', 41, 6388);
INSERT INTO 売上 (売上番号, 売上日時, 会員コード, 利用ポイント) VALUES (40, '2024-08-02 20:57:00', 60, 4041);
INSERT INTO 売上 (売上番号, 売上日時, 会員コード, 利用ポイント) VALUES (41, '2022-02-06 18:25:00', 100, 9123);
INSERT INTO 売上 (売上番号, 売上日時, 会員コード, 利用ポイント) VALUES (42, '2022-12-28 14:55:00', 60, 5146);
INSERT INTO 売上 (売上番号, 売上日時, 会員コード, 利用ポイント) VALUES (43, '2023-05-31 17:29:00', 60, 324);
INSERT INTO 売上 (売上番号, 売上日時, 会員コード, 利用ポイント) VALUES (44, '2022-05-26 20:43:00', 100, 5811);
INSERT INTO 売上 (売上番号, 売上日時, 会員コード, 利用ポイント) VALUES (45, '2023-10-30 11:10:00', 100, 4963);
INSERT INTO 売上 (売上番号, 売上日時, 会員コード, 利用ポイント) VALUES (46, '2023-07-10 10:44:00', 60, 1152);
INSERT INTO 売上 (売上番号, 売上日時, 会員コード, 利用ポイント) VALUES (47, '2023-02-14 19:58:00', 60, 1042);
INSERT INTO 売上 (売上番号, 売上日時, 会員コード, 利用ポイント) VALUES (48, '2022-04-07 21:41:00', 100, 7646);
INSERT INTO 売上 (売上番号, 売上日時, 会員コード, 利用ポイント) VALUES (49, '2021-11-22 20:43:00', 60, 9814);
INSERT INTO 売上 (売上番号, 売上日時, 会員コード, 利用ポイント) VALUES (50, '2024-02-11 21:28:00', 60, 5209);
INSERT INTO 売上 (売上番号, 売上日時, 会員コード, 利用ポイント) VALUES (51, '2021-03-19 20:09:00', 100, 6663);
INSERT INTO 売上 (売上番号, 売上日時, 会員コード, 利用ポイント) VALUES (52, '2021-10-07 11:59:00', 100, 3095);
INSERT INTO 売上 (売上番号, 売上日時, 会員コード, 利用ポイント) VALUES (53, '2021-06-02 15:53:00', 60, 8903);
INSERT INTO 売上 (売上番号, 売上日時, 会員コード, 利用ポイント) VALUES (54, '2022-11-26 16:22:00', 60, 8210);
INSERT INTO 売上 (売上番号, 売上日時, 会員コード, 利用ポイント) VALUES (55, '2022-11-14 10:03:00', 60, 3224);
INSERT INTO 売上 (売上番号, 売上日時, 会員コード, 利用ポイント) VALUES (56, '2022-04-03 15:27:00', 100, 9084);
INSERT INTO 売上 (売上番号, 売上日時, 会員コード, 利用ポイント) VALUES (57, '2021-07-23 10:39:00', 1, 6175);
INSERT INTO 売上 (売上番号, 売上日時, 会員コード, 利用ポイント) VALUES (58, '2022-12-25 21:29:00', 55, 5757);
INSERT INTO 売上 (売上番号, 売上日時, 会員コード, 利用ポイント) VALUES (59, '2023-05-26 16:25:00', 6, 5175);
INSERT INTO 売上 (売上番号, 売上日時, 会員コード, 利用ポイント) VALUES (60, '2024-04-29 19:36:00', 77, 5470);
INSERT INTO 売上 (売上番号, 売上日時, 会員コード, 利用ポイント) VALUES (61, '2021-06-29 14:38:00', 73, 6895);
INSERT INTO 売上 (売上番号, 売上日時, 会員コード, 利用ポイント) VALUES (62, '2023-07-25 12:27:00', 73, 4582);
INSERT INTO 売上 (売上番号, 売上日時, 会員コード, 利用ポイント) VALUES (63, '2022-10-17 12:06:00', 72, 7510);
INSERT INTO 売上 (売上番号, 売上日時, 会員コード, 利用ポイント) VALUES (64, '2021-03-18 21:53:00', 71, 6947);
INSERT INTO 売上 (売上番号, 売上日時, 会員コード, 利用ポイント) VALUES (65, '2023-04-20 17:33:00', 71, 1126);
INSERT INTO 売上 (売上番号, 売上日時, 会員コード, 利用ポイント) VALUES (66, '2023-03-22 11:01:00', 71, 4292);
INSERT INTO 売上 (売上番号, 売上日時, 会員コード, 利用ポイント) VALUES (67, '2023-12-14 16:14:00', 67, 1054);
INSERT INTO 売上 (売上番号, 売上日時, 会員コード, 利用ポイント) VALUES (68, '2023-05-06 13:04:00', 67, 4959);
INSERT INTO 売上 (売上番号, 売上日時, 会員コード, 利用ポイント) VALUES (69, '2021-11-25 12:14:00', 66, 7206);
INSERT INTO 売上 (売上番号, 売上日時, 会員コード, 利用ポイント) VALUES (70, '2021-08-06 13:35:00', 5, 8974);
INSERT INTO 売上 (売上番号, 売上日時, 会員コード, 利用ポイント) VALUES (71, '2023-11-07 12:52:00', 56, 1765);
INSERT INTO 売上 (売上番号, 売上日時, 会員コード, 利用ポイント) VALUES (72, '2022-07-07 17:47:00', 3, 6046);
INSERT INTO 売上 (売上番号, 売上日時, 会員コード, 利用ポイント) VALUES (73, '2023-11-17 13:19:00', 76, 9050);
INSERT INTO 売上 (売上番号, 売上日時, 会員コード, 利用ポイント) VALUES (74, '2021-06-23 17:30:00', 56, 6244);
INSERT INTO 売上 (売上番号, 売上日時, 会員コード, 利用ポイント) VALUES (75, '2022-02-12 17:16:00', 55, 8332);
INSERT INTO 売上 (売上番号, 売上日時, 会員コード, 利用ポイント) VALUES (76, '2023-07-02 21:10:00', 1, 2511);
INSERT INTO 売上 (売上番号, 売上日時, 会員コード, 利用ポイント) VALUES (77, '2023-04-18 13:57:00', 100, 7506);
INSERT INTO 売上 (売上番号, 売上日時, 会員コード, 利用ポイント) VALUES (78, '2022-05-10 16:41:00', 99, 8286);
INSERT INTO 売上 (売上番号, 売上日時, 会員コード, 利用ポイント) VALUES (79, '2022-05-11 12:40:00', 99, 1300);
INSERT INTO 売上 (売上番号, 売上日時, 会員コード, 利用ポイント) VALUES (80, '2023-11-05 13:33:00', 2, 906);
INSERT INTO 売上 (売上番号, 売上日時, 会員コード, 利用ポイント) VALUES (81, '2024-02-20 12:30:00', 2, 409);
INSERT INTO 売上 (売上番号, 売上日時, 会員コード, 利用ポイント) VALUES (82, '2022-02-22 14:58:00', 2, 1403);
INSERT INTO 売上 (売上番号, 売上日時, 会員コード, 利用ポイント) VALUES (83, '2023-08-23 18:47:00', 4, 2383);
INSERT INTO 売上 (売上番号, 売上日時, 会員コード, 利用ポイント) VALUES (84, '2021-12-30 15:00:00', 76, 8733);
INSERT INTO 売上 (売上番号, 売上日時, 会員コード, 利用ポイント) VALUES (85, '2021-04-29 10:26:00', 57, 1315);
INSERT INTO 売上 (売上番号, 売上日時, 会員コード, 利用ポイント) VALUES (86, '2021-09-12 18:31:00', 55, 8684);
INSERT INTO 売上 (売上番号, 売上日時, 会員コード, 利用ポイント) VALUES (87, '2023-04-23 14:26:00', 54, 5761);
INSERT INTO 売上 (売上番号, 売上日時, 会員コード, 利用ポイント) VALUES (88, '2022-07-29 15:48:00', 13, 4908);
INSERT INTO 売上 (売上番号, 売上日時, 会員コード, 利用ポイント) VALUES (89, '2022-12-15 20:52:00', 96, 9224);
INSERT INTO 売上 (売上番号, 売上日時, 会員コード, 利用ポイント) VALUES (90, '2024-08-29 15:47:00', 88, 4911);
INSERT INTO 売上 (売上番号, 売上日時, 会員コード, 利用ポイント) VALUES (91, '2022-10-20 16:43:00', 88, 9533);
INSERT INTO 売上 (売上番号, 売上日時, 会員コード, 利用ポイント) VALUES (92, '2024-01-29 17:46:00', 87, 9962);
INSERT INTO 売上 (売上番号, 売上日時, 会員コード, 利用ポイント) VALUES (93, '2023-06-20 13:00:00', 6, 3447);
INSERT INTO 売上 (売上番号, 売上日時, 会員コード, 利用ポイント) VALUES (94, '2024-08-30 20:56:00', 67, 2279);
INSERT INTO 売上 (売上番号, 売上日時, 会員コード, 利用ポイント) VALUES (95, '2021-11-26 18:10:00', 4, 3707);
INSERT INTO 売上 (売上番号, 売上日時, 会員コード, 利用ポイント) VALUES (96, '2024-08-01 16:59:00', 4, 2009);
INSERT INTO 売上 (売上番号, 売上日時, 会員コード, 利用ポイント) VALUES (97, '2022-04-17 13:38:00', 1, 6051);
INSERT INTO 売上 (売上番号, 売上日時, 会員コード, 利用ポイント) VALUES (98, '2024-05-16 16:11:00', 2, 6826);
INSERT INTO 売上 (売上番号, 売上日時, 会員コード, 利用ポイント) VALUES (99, '2021-09-30 17:48:00', 1, 9219);
INSERT INTO 売上 (売上番号, 売上日時, 会員コード, 利用ポイント) VALUES (100, '2021-02-22 21:15:00', 1, 4674);


create table 売上明細
(
    売上番号 int           not null,
    明細番号 int           not null,
    商品コード  int           not null,
    金額     int default 0 not null,
    数量     int default 1 not null,
    primary key (売上番号, 明細番号)
);

INSERT INTO 売上明細 (売上番号, 明細番号, 商品コード, 金額, 数量) VALUES (1, 1, 40, 200, 2);
INSERT INTO 売上明細 (売上番号, 明細番号, 商品コード, 金額, 数量) VALUES (1, 2, 4, 90, 3);
INSERT INTO 売上明細 (売上番号, 明細番号, 商品コード, 金額, 数量) VALUES (2, 1, 15, 100, 1);
INSERT INTO 売上明細 (売上番号, 明細番号, 商品コード, 金額, 数量) VALUES (2, 2, 1, 110, 3);
INSERT INTO 売上明細 (売上番号, 明細番号, 商品コード, 金額, 数量) VALUES (2, 3, 16, 100, 2);
INSERT INTO 売上明細 (売上番号, 明細番号, 商品コード, 金額, 数量) VALUES (3, 1, 24, 150, 2);
INSERT INTO 売上明細 (売上番号, 明細番号, 商品コード, 金額, 数量) VALUES (3, 2, 39, 250, 1);
INSERT INTO 売上明細 (売上番号, 明細番号, 商品コード, 金額, 数量) VALUES (3, 3, 35, 120, 2);
INSERT INTO 売上明細 (売上番号, 明細番号, 商品コード, 金額, 数量) VALUES (3, 4, 37, 220, 3);
INSERT INTO 売上明細 (売上番号, 明細番号, 商品コード, 金額, 数量) VALUES (3, 5, 36, 180, 2);
INSERT INTO 売上明細 (売上番号, 明細番号, 商品コード, 金額, 数量) VALUES (4, 1, 33, 400, 4);
INSERT INTO 売上明細 (売上番号, 明細番号, 商品コード, 金額, 数量) VALUES (5, 1, 7, 200, 3);
INSERT INTO 売上明細 (売上番号, 明細番号, 商品コード, 金額, 数量) VALUES (5, 2, 1, 120, 4);
INSERT INTO 売上明細 (売上番号, 明細番号, 商品コード, 金額, 数量) VALUES (5, 3, 20, 400, 1);
INSERT INTO 売上明細 (売上番号, 明細番号, 商品コード, 金額, 数量) VALUES (5, 4, 9, 200, 1);
INSERT INTO 売上明細 (売上番号, 明細番号, 商品コード, 金額, 数量) VALUES (5, 5, 11, 500, 1);
INSERT INTO 売上明細 (売上番号, 明細番号, 商品コード, 金額, 数量) VALUES (6, 1, 25, 140, 2);
INSERT INTO 売上明細 (売上番号, 明細番号, 商品コード, 金額, 数量) VALUES (6, 2, 8, 160, 2);
INSERT INTO 売上明細 (売上番号, 明細番号, 商品コード, 金額, 数量) VALUES (6, 3, 33, 360, 4);
INSERT INTO 売上明細 (売上番号, 明細番号, 商品コード, 金額, 数量) VALUES (6, 4, 4, 90, 4);
INSERT INTO 売上明細 (売上番号, 明細番号, 商品コード, 金額, 数量) VALUES (6, 5, 38, 180, 2);
INSERT INTO 売上明細 (売上番号, 明細番号, 商品コード, 金額, 数量) VALUES (7, 1, 19, 160, 2);
INSERT INTO 売上明細 (売上番号, 明細番号, 商品コード, 金額, 数量) VALUES (7, 2, 25, 140, 1);
INSERT INTO 売上明細 (売上番号, 明細番号, 商品コード, 金額, 数量) VALUES (8, 1, 21, 90, 1);
INSERT INTO 売上明細 (売上番号, 明細番号, 商品コード, 金額, 数量) VALUES (8, 2, 23, 110, 3);
INSERT INTO 売上明細 (売上番号, 明細番号, 商品コード, 金額, 数量) VALUES (9, 1, 8, 160, 1);
INSERT INTO 売上明細 (売上番号, 明細番号, 商品コード, 金額, 数量) VALUES (9, 2, 28, 200, 3);
INSERT INTO 売上明細 (売上番号, 明細番号, 商品コード, 金額, 数量) VALUES (9, 3, 19, 160, 4);
INSERT INTO 売上明細 (売上番号, 明細番号, 商品コード, 金額, 数量) VALUES (9, 4, 11, 500, 4);
INSERT INTO 売上明細 (売上番号, 明細番号, 商品コード, 金額, 数量) VALUES (10, 1, 39, 250, 1);
INSERT INTO 売上明細 (売上番号, 明細番号, 商品コード, 金額, 数量) VALUES (11, 1, 21, 90, 3);
INSERT INTO 売上明細 (売上番号, 明細番号, 商品コード, 金額, 数量) VALUES (12, 1, 12, 550, 1);
INSERT INTO 売上明細 (売上番号, 明細番号, 商品コード, 金額, 数量) VALUES (13, 1, 22, 100, 3);
INSERT INTO 売上明細 (売上番号, 明細番号, 商品コード, 金額, 数量) VALUES (13, 2, 11, 500, 3);
INSERT INTO 売上明細 (売上番号, 明細番号, 商品コード, 金額, 数量) VALUES (13, 3, 5, 160, 2);
INSERT INTO 売上明細 (売上番号, 明細番号, 商品コード, 金額, 数量) VALUES (14, 1, 40, 200, 4);
INSERT INTO 売上明細 (売上番号, 明細番号, 商品コード, 金額, 数量) VALUES (15, 1, 20, 400, 4);
INSERT INTO 売上明細 (売上番号, 明細番号, 商品コード, 金額, 数量) VALUES (15, 2, 21, 90, 3);
INSERT INTO 売上明細 (売上番号, 明細番号, 商品コード, 金額, 数量) VALUES (15, 3, 12, 550, 1);
INSERT INTO 売上明細 (売上番号, 明細番号, 商品コード, 金額, 数量) VALUES (15, 4, 31, 200, 2);
INSERT INTO 売上明細 (売上番号, 明細番号, 商品コード, 金額, 数量) VALUES (16, 1, 29, 220, 4);
INSERT INTO 売上明細 (売上番号, 明細番号, 商品コード, 金額, 数量) VALUES (16, 2, 16, 110, 2);
INSERT INTO 売上明細 (売上番号, 明細番号, 商品コード, 金額, 数量) VALUES (16, 3, 39, 250, 4);
INSERT INTO 売上明細 (売上番号, 明細番号, 商品コード, 金額, 数量) VALUES (17, 1, 3, 130, 1);
INSERT INTO 売上明細 (売上番号, 明細番号, 商品コード, 金額, 数量) VALUES (17, 2, 28, 200, 4);
INSERT INTO 売上明細 (売上番号, 明細番号, 商品コード, 金額, 数量) VALUES (17, 3, 36, 180, 3);
INSERT INTO 売上明細 (売上番号, 明細番号, 商品コード, 金額, 数量) VALUES (18, 1, 21, 90, 3);
INSERT INTO 売上明細 (売上番号, 明細番号, 商品コード, 金額, 数量) VALUES (18, 2, 38, 190, 2);
INSERT INTO 売上明細 (売上番号, 明細番号, 商品コード, 金額, 数量) VALUES (18, 3, 5, 160, 4);
INSERT INTO 売上明細 (売上番号, 明細番号, 商品コード, 金額, 数量) VALUES (18, 4, 11, 500, 2);
INSERT INTO 売上明細 (売上番号, 明細番号, 商品コード, 金額, 数量) VALUES (18, 5, 19, 160, 4);
INSERT INTO 売上明細 (売上番号, 明細番号, 商品コード, 金額, 数量) VALUES (18, 6, 5, 160, 4);
INSERT INTO 売上明細 (売上番号, 明細番号, 商品コード, 金額, 数量) VALUES (19, 1, 12, 550, 3);
INSERT INTO 売上明細 (売上番号, 明細番号, 商品コード, 金額, 数量) VALUES (20, 1, 10, 220, 3);
INSERT INTO 売上明細 (売上番号, 明細番号, 商品コード, 金額, 数量) VALUES (22, 1, 26, 200, 3);
INSERT INTO 売上明細 (売上番号, 明細番号, 商品コード, 金額, 数量) VALUES (22, 2, 30, 200, 3);
INSERT INTO 売上明細 (売上番号, 明細番号, 商品コード, 金額, 数量) VALUES (23, 1, 20, 400, 1);
INSERT INTO 売上明細 (売上番号, 明細番号, 商品コード, 金額, 数量) VALUES (23, 2, 19, 160, 2);
INSERT INTO 売上明細 (売上番号, 明細番号, 商品コード, 金額, 数量) VALUES (23, 3, 8, 160, 1);
INSERT INTO 売上明細 (売上番号, 明細番号, 商品コード, 金額, 数量) VALUES (23, 4, 14, 100, 2);
INSERT INTO 売上明細 (売上番号, 明細番号, 商品コード, 金額, 数量) VALUES (24, 1, 21, 90, 2);
INSERT INTO 売上明細 (売上番号, 明細番号, 商品コード, 金額, 数量) VALUES (24, 2, 29, 220, 2);
INSERT INTO 売上明細 (売上番号, 明細番号, 商品コード, 金額, 数量) VALUES (24, 3, 12, 550, 1);
INSERT INTO 売上明細 (売上番号, 明細番号, 商品コード, 金額, 数量) VALUES (24, 4, 26, 200, 3);
INSERT INTO 売上明細 (売上番号, 明細番号, 商品コード, 金額, 数量) VALUES (24, 5, 23, 110, 4);
INSERT INTO 売上明細 (売上番号, 明細番号, 商品コード, 金額, 数量) VALUES (24, 6, 38, 190, 2);
INSERT INTO 売上明細 (売上番号, 明細番号, 商品コード, 金額, 数量) VALUES (24, 7, 20, 400, 3);
INSERT INTO 売上明細 (売上番号, 明細番号, 商品コード, 金額, 数量) VALUES (25, 1, 6, 100, 4);
INSERT INTO 売上明細 (売上番号, 明細番号, 商品コード, 金額, 数量) VALUES (26, 1, 10, 220, 4);
INSERT INTO 売上明細 (売上番号, 明細番号, 商品コード, 金額, 数量) VALUES (26, 2, 26, 200, 4);
INSERT INTO 売上明細 (売上番号, 明細番号, 商品コード, 金額, 数量) VALUES (26, 3, 15, 110, 3);
INSERT INTO 売上明細 (売上番号, 明細番号, 商品コード, 金額, 数量) VALUES (26, 4, 36, 180, 4);
INSERT INTO 売上明細 (売上番号, 明細番号, 商品コード, 金額, 数量) VALUES (26, 5, 22, 100, 1);
INSERT INTO 売上明細 (売上番号, 明細番号, 商品コード, 金額, 数量) VALUES (27, 1, 9, 190, 1);
INSERT INTO 売上明細 (売上番号, 明細番号, 商品コード, 金額, 数量) VALUES (27, 2, 6, 100, 2);
INSERT INTO 売上明細 (売上番号, 明細番号, 商品コード, 金額, 数量) VALUES (27, 3, 12, 520, 2);
INSERT INTO 売上明細 (売上番号, 明細番号, 商品コード, 金額, 数量) VALUES (27, 4, 32, 300, 4);
INSERT INTO 売上明細 (売上番号, 明細番号, 商品コード, 金額, 数量) VALUES (28, 1, 6, 100, 2);
INSERT INTO 売上明細 (売上番号, 明細番号, 商品コード, 金額, 数量) VALUES (28, 2, 40, 200, 2);
INSERT INTO 売上明細 (売上番号, 明細番号, 商品コード, 金額, 数量) VALUES (29, 1, 11, 500, 3);
INSERT INTO 売上明細 (売上番号, 明細番号, 商品コード, 金額, 数量) VALUES (29, 2, 18, 200, 3);
INSERT INTO 売上明細 (売上番号, 明細番号, 商品コード, 金額, 数量) VALUES (29, 3, 6, 100, 3);
INSERT INTO 売上明細 (売上番号, 明細番号, 商品コード, 金額, 数量) VALUES (30, 1, 28, 200, 2);
INSERT INTO 売上明細 (売上番号, 明細番号, 商品コード, 金額, 数量) VALUES (30, 2, 16, 110, 1);
INSERT INTO 売上明細 (売上番号, 明細番号, 商品コード, 金額, 数量) VALUES (30, 3, 39, 250, 2);
INSERT INTO 売上明細 (売上番号, 明細番号, 商品コード, 金額, 数量) VALUES (30, 4, 12, 550, 3);
INSERT INTO 売上明細 (売上番号, 明細番号, 商品コード, 金額, 数量) VALUES (31, 1, 10, 220, 1);
INSERT INTO 売上明細 (売上番号, 明細番号, 商品コード, 金額, 数量) VALUES (32, 1, 9, 200, 2);
INSERT INTO 売上明細 (売上番号, 明細番号, 商品コード, 金額, 数量) VALUES (32, 2, 6, 100, 1);
INSERT INTO 売上明細 (売上番号, 明細番号, 商品コード, 金額, 数量) VALUES (33, 1, 7, 200, 1);
INSERT INTO 売上明細 (売上番号, 明細番号, 商品コード, 金額, 数量) VALUES (33, 2, 36, 180, 2);
INSERT INTO 売上明細 (売上番号, 明細番号, 商品コード, 金額, 数量) VALUES (33, 3, 12, 550, 2);
INSERT INTO 売上明細 (売上番号, 明細番号, 商品コード, 金額, 数量) VALUES (34, 1, 10, 220, 3);
INSERT INTO 売上明細 (売上番号, 明細番号, 商品コード, 金額, 数量) VALUES (34, 2, 3, 130, 4);
INSERT INTO 売上明細 (売上番号, 明細番号, 商品コード, 金額, 数量) VALUES (34, 3, 12, 550, 1);
INSERT INTO 売上明細 (売上番号, 明細番号, 商品コード, 金額, 数量) VALUES (35, 1, 36, 180, 1);
INSERT INTO 売上明細 (売上番号, 明細番号, 商品コード, 金額, 数量) VALUES (35, 2, 23, 110, 3);
INSERT INTO 売上明細 (売上番号, 明細番号, 商品コード, 金額, 数量) VALUES (35, 3, 8, 160, 3);
INSERT INTO 売上明細 (売上番号, 明細番号, 商品コード, 金額, 数量) VALUES (35, 4, 23, 110, 2);
INSERT INTO 売上明細 (売上番号, 明細番号, 商品コード, 金額, 数量) VALUES (36, 1, 35, 120, 4);
INSERT INTO 売上明細 (売上番号, 明細番号, 商品コード, 金額, 数量) VALUES (37, 1, 12, 550, 2);
INSERT INTO 売上明細 (売上番号, 明細番号, 商品コード, 金額, 数量) VALUES (37, 2, 16, 110, 4);
INSERT INTO 売上明細 (売上番号, 明細番号, 商品コード, 金額, 数量) VALUES (37, 3, 18, 200, 1);
INSERT INTO 売上明細 (売上番号, 明細番号, 商品コード, 金額, 数量) VALUES (37, 4, 8, 160, 3);
INSERT INTO 売上明細 (売上番号, 明細番号, 商品コード, 金額, 数量) VALUES (37, 5, 30, 200, 4);
INSERT INTO 売上明細 (売上番号, 明細番号, 商品コード, 金額, 数量) VALUES (38, 1, 4, 90, 1);
INSERT INTO 売上明細 (売上番号, 明細番号, 商品コード, 金額, 数量) VALUES (38, 2, 11, 500, 2);
INSERT INTO 売上明細 (売上番号, 明細番号, 商品コード, 金額, 数量) VALUES (38, 3, 22, 100, 3);
INSERT INTO 売上明細 (売上番号, 明細番号, 商品コード, 金額, 数量) VALUES (39, 1, 10, 220, 1);
INSERT INTO 売上明細 (売上番号, 明細番号, 商品コード, 金額, 数量) VALUES (39, 2, 8, 160, 3);
INSERT INTO 売上明細 (売上番号, 明細番号, 商品コード, 金額, 数量) VALUES (39, 3, 22, 100, 3);
INSERT INTO 売上明細 (売上番号, 明細番号, 商品コード, 金額, 数量) VALUES (40, 1, 4, 90, 2);
INSERT INTO 売上明細 (売上番号, 明細番号, 商品コード, 金額, 数量) VALUES (41, 1, 30, 200, 2);
INSERT INTO 売上明細 (売上番号, 明細番号, 商品コード, 金額, 数量) VALUES (41, 2, 5, 160, 4);
INSERT INTO 売上明細 (売上番号, 明細番号, 商品コード, 金額, 数量) VALUES (41, 3, 30, 200, 4);
INSERT INTO 売上明細 (売上番号, 明細番号, 商品コード, 金額, 数量) VALUES (42, 1, 38, 190, 4);
INSERT INTO 売上明細 (売上番号, 明細番号, 商品コード, 金額, 数量) VALUES (43, 1, 14, 100, 3);
INSERT INTO 売上明細 (売上番号, 明細番号, 商品コード, 金額, 数量) VALUES (43, 2, 19, 160, 3);
INSERT INTO 売上明細 (売上番号, 明細番号, 商品コード, 金額, 数量) VALUES (43, 3, 27, 140, 4);
INSERT INTO 売上明細 (売上番号, 明細番号, 商品コード, 金額, 数量) VALUES (46, 1, 28, 200, 1);
INSERT INTO 売上明細 (売上番号, 明細番号, 商品コード, 金額, 数量) VALUES (46, 2, 21, 90, 2);
INSERT INTO 売上明細 (売上番号, 明細番号, 商品コード, 金額, 数量) VALUES (46, 3, 18, 200, 1);
INSERT INTO 売上明細 (売上番号, 明細番号, 商品コード, 金額, 数量) VALUES (47, 1, 39, 250, 2);
INSERT INTO 売上明細 (売上番号, 明細番号, 商品コード, 金額, 数量) VALUES (47, 2, 32, 500, 4);
INSERT INTO 売上明細 (売上番号, 明細番号, 商品コード, 金額, 数量) VALUES (47, 3, 21, 90, 1);
INSERT INTO 売上明細 (売上番号, 明細番号, 商品コード, 金額, 数量) VALUES (47, 4, 34, 200, 2);
INSERT INTO 売上明細 (売上番号, 明細番号, 商品コード, 金額, 数量) VALUES (47, 5, 25, 140, 3);
INSERT INTO 売上明細 (売上番号, 明細番号, 商品コード, 金額, 数量) VALUES (47, 6, 12, 550, 3);
INSERT INTO 売上明細 (売上番号, 明細番号, 商品コード, 金額, 数量) VALUES (48, 1, 30, 200, 3);
INSERT INTO 売上明細 (売上番号, 明細番号, 商品コード, 金額, 数量) VALUES (48, 2, 34, 200, 1);
INSERT INTO 売上明細 (売上番号, 明細番号, 商品コード, 金額, 数量) VALUES (48, 3, 29, 220, 1);
INSERT INTO 売上明細 (売上番号, 明細番号, 商品コード, 金額, 数量) VALUES (48, 4, 1, 120, 2);
INSERT INTO 売上明細 (売上番号, 明細番号, 商品コード, 金額, 数量) VALUES (48, 5, 7, 200, 3);
INSERT INTO 売上明細 (売上番号, 明細番号, 商品コード, 金額, 数量) VALUES (48, 6, 4, 90, 4);
INSERT INTO 売上明細 (売上番号, 明細番号, 商品コード, 金額, 数量) VALUES (48, 7, 7, 200, 3);
INSERT INTO 売上明細 (売上番号, 明細番号, 商品コード, 金額, 数量) VALUES (49, 1, 14, 100, 1);
INSERT INTO 売上明細 (売上番号, 明細番号, 商品コード, 金額, 数量) VALUES (50, 1, 19, 160, 4);
INSERT INTO 売上明細 (売上番号, 明細番号, 商品コード, 金額, 数量) VALUES (50, 2, 39, 250, 1);
INSERT INTO 売上明細 (売上番号, 明細番号, 商品コード, 金額, 数量) VALUES (52, 1, 40, 200, 1);
INSERT INTO 売上明細 (売上番号, 明細番号, 商品コード, 金額, 数量) VALUES (52, 2, 38, 190, 4);
INSERT INTO 売上明細 (売上番号, 明細番号, 商品コード, 金額, 数量) VALUES (52, 3, 26, 200, 4);
INSERT INTO 売上明細 (売上番号, 明細番号, 商品コード, 金額, 数量) VALUES (53, 1, 38, 190, 4);
INSERT INTO 売上明細 (売上番号, 明細番号, 商品コード, 金額, 数量) VALUES (53, 2, 18, 200, 4);
INSERT INTO 売上明細 (売上番号, 明細番号, 商品コード, 金額, 数量) VALUES (53, 3, 28, 200, 1);
INSERT INTO 売上明細 (売上番号, 明細番号, 商品コード, 金額, 数量) VALUES (53, 4, 24, 150, 2);
INSERT INTO 売上明細 (売上番号, 明細番号, 商品コード, 金額, 数量) VALUES (53, 5, 25, 140, 1);
INSERT INTO 売上明細 (売上番号, 明細番号, 商品コード, 金額, 数量) VALUES (54, 1, 21, 90, 3);
INSERT INTO 売上明細 (売上番号, 明細番号, 商品コード, 金額, 数量) VALUES (54, 2, 30, 200, 2);
INSERT INTO 売上明細 (売上番号, 明細番号, 商品コード, 金額, 数量) VALUES (54, 3, 22, 100, 4);
INSERT INTO 売上明細 (売上番号, 明細番号, 商品コード, 金額, 数量) VALUES (55, 1, 25, 140, 3);
INSERT INTO 売上明細 (売上番号, 明細番号, 商品コード, 金額, 数量) VALUES (55, 2, 12, 550, 2);
INSERT INTO 売上明細 (売上番号, 明細番号, 商品コード, 金額, 数量) VALUES (55, 3, 3, 130, 3);
INSERT INTO 売上明細 (売上番号, 明細番号, 商品コード, 金額, 数量) VALUES (56, 1, 35, 120, 1);
INSERT INTO 売上明細 (売上番号, 明細番号, 商品コード, 金額, 数量) VALUES (56, 2, 22, 100, 2);
INSERT INTO 売上明細 (売上番号, 明細番号, 商品コード, 金額, 数量) VALUES (57, 1, 20, 400, 1);
INSERT INTO 売上明細 (売上番号, 明細番号, 商品コード, 金額, 数量) VALUES (58, 1, 18, 200, 2);
INSERT INTO 売上明細 (売上番号, 明細番号, 商品コード, 金額, 数量) VALUES (59, 1, 22, 100, 1);
INSERT INTO 売上明細 (売上番号, 明細番号, 商品コード, 金額, 数量) VALUES (59, 2, 24, 150, 1);
INSERT INTO 売上明細 (売上番号, 明細番号, 商品コード, 金額, 数量) VALUES (59, 3, 22, 100, 3);
INSERT INTO 売上明細 (売上番号, 明細番号, 商品コード, 金額, 数量) VALUES (59, 4, 33, 400, 2);
INSERT INTO 売上明細 (売上番号, 明細番号, 商品コード, 金額, 数量) VALUES (61, 1, 2, 150, 4);
INSERT INTO 売上明細 (売上番号, 明細番号, 商品コード, 金額, 数量) VALUES (61, 2, 7, 200, 3);
INSERT INTO 売上明細 (売上番号, 明細番号, 商品コード, 金額, 数量) VALUES (61, 3, 27, 140, 1);
INSERT INTO 売上明細 (売上番号, 明細番号, 商品コード, 金額, 数量) VALUES (62, 1, 2, 150, 4);
INSERT INTO 売上明細 (売上番号, 明細番号, 商品コード, 金額, 数量) VALUES (62, 2, 35, 120, 4);
INSERT INTO 売上明細 (売上番号, 明細番号, 商品コード, 金額, 数量) VALUES (62, 3, 30, 200, 1);
INSERT INTO 売上明細 (売上番号, 明細番号, 商品コード, 金額, 数量) VALUES (62, 4, 38, 190, 2);
INSERT INTO 売上明細 (売上番号, 明細番号, 商品コード, 金額, 数量) VALUES (62, 5, 4, 90, 4);
INSERT INTO 売上明細 (売上番号, 明細番号, 商品コード, 金額, 数量) VALUES (62, 6, 20, 400, 1);
INSERT INTO 売上明細 (売上番号, 明細番号, 商品コード, 金額, 数量) VALUES (62, 7, 35, 120, 2);
INSERT INTO 売上明細 (売上番号, 明細番号, 商品コード, 金額, 数量) VALUES (63, 1, 10, 220, 4);
INSERT INTO 売上明細 (売上番号, 明細番号, 商品コード, 金額, 数量) VALUES (63, 2, 34, 200, 3);
INSERT INTO 売上明細 (売上番号, 明細番号, 商品コード, 金額, 数量) VALUES (63, 3, 25, 140, 4);
INSERT INTO 売上明細 (売上番号, 明細番号, 商品コード, 金額, 数量) VALUES (63, 4, 20, 400, 2);
INSERT INTO 売上明細 (売上番号, 明細番号, 商品コード, 金額, 数量) VALUES (63, 5, 34, 200, 4);
INSERT INTO 売上明細 (売上番号, 明細番号, 商品コード, 金額, 数量) VALUES (64, 1, 27, 140, 3);
INSERT INTO 売上明細 (売上番号, 明細番号, 商品コード, 金額, 数量) VALUES (64, 2, 19, 160, 1);
INSERT INTO 売上明細 (売上番号, 明細番号, 商品コード, 金額, 数量) VALUES (65, 1, 26, 200, 1);
INSERT INTO 売上明細 (売上番号, 明細番号, 商品コード, 金額, 数量) VALUES (65, 2, 13, 600, 1);
INSERT INTO 売上明細 (売上番号, 明細番号, 商品コード, 金額, 数量) VALUES (65, 3, 21, 90, 4);
INSERT INTO 売上明細 (売上番号, 明細番号, 商品コード, 金額, 数量) VALUES (65, 4, 17, 100, 1);
INSERT INTO 売上明細 (売上番号, 明細番号, 商品コード, 金額, 数量) VALUES (65, 5, 28, 200, 3);
INSERT INTO 売上明細 (売上番号, 明細番号, 商品コード, 金額, 数量) VALUES (65, 6, 20, 400, 3);
INSERT INTO 売上明細 (売上番号, 明細番号, 商品コード, 金額, 数量) VALUES (66, 1, 32, 500, 3);
INSERT INTO 売上明細 (売上番号, 明細番号, 商品コード, 金額, 数量) VALUES (67, 1, 24, 150, 1);
INSERT INTO 売上明細 (売上番号, 明細番号, 商品コード, 金額, 数量) VALUES (67, 2, 20, 400, 3);
INSERT INTO 売上明細 (売上番号, 明細番号, 商品コード, 金額, 数量) VALUES (67, 3, 13, 600, 1);
INSERT INTO 売上明細 (売上番号, 明細番号, 商品コード, 金額, 数量) VALUES (68, 1, 34, 200, 4);
INSERT INTO 売上明細 (売上番号, 明細番号, 商品コード, 金額, 数量) VALUES (68, 2, 6, 100, 3);
INSERT INTO 売上明細 (売上番号, 明細番号, 商品コード, 金額, 数量) VALUES (68, 3, 33, 400, 4);
INSERT INTO 売上明細 (売上番号, 明細番号, 商品コード, 金額, 数量) VALUES (68, 4, 21, 90, 1);
INSERT INTO 売上明細 (売上番号, 明細番号, 商品コード, 金額, 数量) VALUES (68, 5, 40, 200, 2);
INSERT INTO 売上明細 (売上番号, 明細番号, 商品コード, 金額, 数量) VALUES (69, 1, 33, 400, 4);
INSERT INTO 売上明細 (売上番号, 明細番号, 商品コード, 金額, 数量) VALUES (69, 2, 37, 220, 3);
INSERT INTO 売上明細 (売上番号, 明細番号, 商品コード, 金額, 数量) VALUES (70, 1, 10, 220, 2);
INSERT INTO 売上明細 (売上番号, 明細番号, 商品コード, 金額, 数量) VALUES (70, 2, 32, 500, 1);
INSERT INTO 売上明細 (売上番号, 明細番号, 商品コード, 金額, 数量) VALUES (70, 3, 23, 110, 1);
INSERT INTO 売上明細 (売上番号, 明細番号, 商品コード, 金額, 数量) VALUES (70, 4, 11, 500, 2);
INSERT INTO 売上明細 (売上番号, 明細番号, 商品コード, 金額, 数量) VALUES (70, 5, 10, 220, 3);
INSERT INTO 売上明細 (売上番号, 明細番号, 商品コード, 金額, 数量) VALUES (70, 6, 8, 160, 3);
INSERT INTO 売上明細 (売上番号, 明細番号, 商品コード, 金額, 数量) VALUES (70, 7, 35, 120, 3);
INSERT INTO 売上明細 (売上番号, 明細番号, 商品コード, 金額, 数量) VALUES (71, 1, 40, 200, 1);
INSERT INTO 売上明細 (売上番号, 明細番号, 商品コード, 金額, 数量) VALUES (71, 2, 36, 180, 4);
INSERT INTO 売上明細 (売上番号, 明細番号, 商品コード, 金額, 数量) VALUES (71, 3, 10, 220, 1);
INSERT INTO 売上明細 (売上番号, 明細番号, 商品コード, 金額, 数量) VALUES (72, 1, 32, 500, 1);
INSERT INTO 売上明細 (売上番号, 明細番号, 商品コード, 金額, 数量) VALUES (72, 2, 17, 100, 4);
INSERT INTO 売上明細 (売上番号, 明細番号, 商品コード, 金額, 数量) VALUES (72, 3, 2, 150, 2);
INSERT INTO 売上明細 (売上番号, 明細番号, 商品コード, 金額, 数量) VALUES (73, 1, 15, 110, 4);
INSERT INTO 売上明細 (売上番号, 明細番号, 商品コード, 金額, 数量) VALUES (73, 2, 28, 200, 4);
INSERT INTO 売上明細 (売上番号, 明細番号, 商品コード, 金額, 数量) VALUES (74, 1, 19, 160, 1);
INSERT INTO 売上明細 (売上番号, 明細番号, 商品コード, 金額, 数量) VALUES (74, 2, 35, 120, 3);
INSERT INTO 売上明細 (売上番号, 明細番号, 商品コード, 金額, 数量) VALUES (75, 1, 10, 220, 3);
INSERT INTO 売上明細 (売上番号, 明細番号, 商品コード, 金額, 数量) VALUES (75, 2, 26, 200, 2);
INSERT INTO 売上明細 (売上番号, 明細番号, 商品コード, 金額, 数量) VALUES (75, 3, 25, 140, 4);
INSERT INTO 売上明細 (売上番号, 明細番号, 商品コード, 金額, 数量) VALUES (76, 1, 34, 200, 4);
INSERT INTO 売上明細 (売上番号, 明細番号, 商品コード, 金額, 数量) VALUES (76, 2, 35, 120, 2);
INSERT INTO 売上明細 (売上番号, 明細番号, 商品コード, 金額, 数量) VALUES (76, 3, 19, 160, 2);
INSERT INTO 売上明細 (売上番号, 明細番号, 商品コード, 金額, 数量) VALUES (78, 1, 35, 120, 1);
INSERT INTO 売上明細 (売上番号, 明細番号, 商品コード, 金額, 数量) VALUES (78, 2, 16, 110, 1);
INSERT INTO 売上明細 (売上番号, 明細番号, 商品コード, 金額, 数量) VALUES (78, 3, 26, 200, 3);
INSERT INTO 売上明細 (売上番号, 明細番号, 商品コード, 金額, 数量) VALUES (79, 1, 28, 200, 4);
INSERT INTO 売上明細 (売上番号, 明細番号, 商品コード, 金額, 数量) VALUES (79, 2, 21, 90, 2);
INSERT INTO 売上明細 (売上番号, 明細番号, 商品コード, 金額, 数量) VALUES (79, 3, 5, 160, 3);
INSERT INTO 売上明細 (売上番号, 明細番号, 商品コード, 金額, 数量) VALUES (79, 4, 2, 150, 3);
INSERT INTO 売上明細 (売上番号, 明細番号, 商品コード, 金額, 数量) VALUES (80, 1, 13, 600, 3);
INSERT INTO 売上明細 (売上番号, 明細番号, 商品コード, 金額, 数量) VALUES (81, 1, 25, 140, 1);
INSERT INTO 売上明細 (売上番号, 明細番号, 商品コード, 金額, 数量) VALUES (81, 2, 30, 200, 4);
INSERT INTO 売上明細 (売上番号, 明細番号, 商品コード, 金額, 数量) VALUES (82, 1, 4, 90, 2);
INSERT INTO 売上明細 (売上番号, 明細番号, 商品コード, 金額, 数量) VALUES (82, 2, 19, 160, 4);
INSERT INTO 売上明細 (売上番号, 明細番号, 商品コード, 金額, 数量) VALUES (82, 3, 29, 220, 1);
INSERT INTO 売上明細 (売上番号, 明細番号, 商品コード, 金額, 数量) VALUES (82, 4, 7, 200, 1);
INSERT INTO 売上明細 (売上番号, 明細番号, 商品コード, 金額, 数量) VALUES (82, 5, 21, 90, 1);
INSERT INTO 売上明細 (売上番号, 明細番号, 商品コード, 金額, 数量) VALUES (83, 1, 15, 110, 4);
INSERT INTO 売上明細 (売上番号, 明細番号, 商品コード, 金額, 数量) VALUES (83, 2, 11, 500, 3);
INSERT INTO 売上明細 (売上番号, 明細番号, 商品コード, 金額, 数量) VALUES (83, 3, 24, 150, 2);
INSERT INTO 売上明細 (売上番号, 明細番号, 商品コード, 金額, 数量) VALUES (83, 4, 27, 140, 1);
INSERT INTO 売上明細 (売上番号, 明細番号, 商品コード, 金額, 数量) VALUES (84, 1, 40, 200, 3);
INSERT INTO 売上明細 (売上番号, 明細番号, 商品コード, 金額, 数量) VALUES (84, 2, 25, 140, 2);
INSERT INTO 売上明細 (売上番号, 明細番号, 商品コード, 金額, 数量) VALUES (84, 3, 18, 200, 2);
INSERT INTO 売上明細 (売上番号, 明細番号, 商品コード, 金額, 数量) VALUES (84, 4, 1, 120, 2);
INSERT INTO 売上明細 (売上番号, 明細番号, 商品コード, 金額, 数量) VALUES (84, 5, 12, 550, 2);
INSERT INTO 売上明細 (売上番号, 明細番号, 商品コード, 金額, 数量) VALUES (85, 1, 23, 110, 4);
INSERT INTO 売上明細 (売上番号, 明細番号, 商品コード, 金額, 数量) VALUES (85, 2, 17, 100, 3);
INSERT INTO 売上明細 (売上番号, 明細番号, 商品コード, 金額, 数量) VALUES (85, 3, 16, 110, 2);
INSERT INTO 売上明細 (売上番号, 明細番号, 商品コード, 金額, 数量) VALUES (85, 4, 10, 220, 3);
INSERT INTO 売上明細 (売上番号, 明細番号, 商品コード, 金額, 数量) VALUES (86, 1, 19, 160, 4);
INSERT INTO 売上明細 (売上番号, 明細番号, 商品コード, 金額, 数量) VALUES (86, 2, 13, 600, 3);
INSERT INTO 売上明細 (売上番号, 明細番号, 商品コード, 金額, 数量) VALUES (86, 3, 35, 120, 3);
INSERT INTO 売上明細 (売上番号, 明細番号, 商品コード, 金額, 数量) VALUES (86, 4, 28, 200, 2);
INSERT INTO 売上明細 (売上番号, 明細番号, 商品コード, 金額, 数量) VALUES (87, 1, 24, 150, 2);
INSERT INTO 売上明細 (売上番号, 明細番号, 商品コード, 金額, 数量) VALUES (87, 2, 37, 220, 4);
INSERT INTO 売上明細 (売上番号, 明細番号, 商品コード, 金額, 数量) VALUES (87, 3, 26, 200, 2);
INSERT INTO 売上明細 (売上番号, 明細番号, 商品コード, 金額, 数量) VALUES (88, 1, 4, 90, 4);
INSERT INTO 売上明細 (売上番号, 明細番号, 商品コード, 金額, 数量) VALUES (88, 2, 33, 400, 1);
INSERT INTO 売上明細 (売上番号, 明細番号, 商品コード, 金額, 数量) VALUES (88, 3, 10, 220, 3);
INSERT INTO 売上明細 (売上番号, 明細番号, 商品コード, 金額, 数量) VALUES (88, 4, 23, 110, 2);
INSERT INTO 売上明細 (売上番号, 明細番号, 商品コード, 金額, 数量) VALUES (89, 1, 40, 200, 2);
INSERT INTO 売上明細 (売上番号, 明細番号, 商品コード, 金額, 数量) VALUES (89, 2, 25, 140, 2);
INSERT INTO 売上明細 (売上番号, 明細番号, 商品コード, 金額, 数量) VALUES (89, 3, 21, 90, 2);
INSERT INTO 売上明細 (売上番号, 明細番号, 商品コード, 金額, 数量) VALUES (89, 4, 32, 500, 2);
INSERT INTO 売上明細 (売上番号, 明細番号, 商品コード, 金額, 数量) VALUES (90, 1, 36, 180, 2);
INSERT INTO 売上明細 (売上番号, 明細番号, 商品コード, 金額, 数量) VALUES (90, 2, 4, 90, 4);
INSERT INTO 売上明細 (売上番号, 明細番号, 商品コード, 金額, 数量) VALUES (90, 3, 36, 180, 2);
INSERT INTO 売上明細 (売上番号, 明細番号, 商品コード, 金額, 数量) VALUES (92, 1, 38, 190, 3);
INSERT INTO 売上明細 (売上番号, 明細番号, 商品コード, 金額, 数量) VALUES (92, 2, 33, 400, 1);
INSERT INTO 売上明細 (売上番号, 明細番号, 商品コード, 金額, 数量) VALUES (93, 1, 29, 220, 3);
INSERT INTO 売上明細 (売上番号, 明細番号, 商品コード, 金額, 数量) VALUES (93, 2, 26, 200, 2);
INSERT INTO 売上明細 (売上番号, 明細番号, 商品コード, 金額, 数量) VALUES (93, 3, 9, 200, 3);
INSERT INTO 売上明細 (売上番号, 明細番号, 商品コード, 金額, 数量) VALUES (93, 4, 29, 220, 1);
INSERT INTO 売上明細 (売上番号, 明細番号, 商品コード, 金額, 数量) VALUES (93, 5, 13, 600, 2);
INSERT INTO 売上明細 (売上番号, 明細番号, 商品コード, 金額, 数量) VALUES (94, 1, 14, 100, 4);
INSERT INTO 売上明細 (売上番号, 明細番号, 商品コード, 金額, 数量) VALUES (94, 2, 8, 160, 4);
INSERT INTO 売上明細 (売上番号, 明細番号, 商品コード, 金額, 数量) VALUES (94, 3, 12, 550, 1);
INSERT INTO 売上明細 (売上番号, 明細番号, 商品コード, 金額, 数量) VALUES (95, 1, 19, 160, 2);
INSERT INTO 売上明細 (売上番号, 明細番号, 商品コード, 金額, 数量) VALUES (95, 2, 35, 120, 3);
INSERT INTO 売上明細 (売上番号, 明細番号, 商品コード, 金額, 数量) VALUES (95, 3, 2, 150, 3);
INSERT INTO 売上明細 (売上番号, 明細番号, 商品コード, 金額, 数量) VALUES (95, 4, 39, 250, 4);
INSERT INTO 売上明細 (売上番号, 明細番号, 商品コード, 金額, 数量) VALUES (95, 5, 25, 140, 2);
INSERT INTO 売上明細 (売上番号, 明細番号, 商品コード, 金額, 数量) VALUES (95, 6, 31, 200, 3);
INSERT INTO 売上明細 (売上番号, 明細番号, 商品コード, 金額, 数量) VALUES (96, 1, 17, 100, 2);
INSERT INTO 売上明細 (売上番号, 明細番号, 商品コード, 金額, 数量) VALUES (96, 2, 40, 200, 3);
INSERT INTO 売上明細 (売上番号, 明細番号, 商品コード, 金額, 数量) VALUES (97, 1, 21, 90, 1);
INSERT INTO 売上明細 (売上番号, 明細番号, 商品コード, 金額, 数量) VALUES (97, 2, 29, 220, 3);
INSERT INTO 売上明細 (売上番号, 明細番号, 商品コード, 金額, 数量) VALUES (97, 3, 4, 90, 1);
INSERT INTO 売上明細 (売上番号, 明細番号, 商品コード, 金額, 数量) VALUES (97, 4, 26, 100, 1);
INSERT INTO 売上明細 (売上番号, 明細番号, 商品コード, 金額, 数量) VALUES (98, 1, 1, 0, 3);
INSERT INTO 売上明細 (売上番号, 明細番号, 商品コード, 金額, 数量) VALUES (98, 2, 25, 140, 2);
INSERT INTO 売上明細 (売上番号, 明細番号, 商品コード, 金額, 数量) VALUES (98, 3, 5, 160, 4);
INSERT INTO 売上明細 (売上番号, 明細番号, 商品コード, 金額, 数量) VALUES (98, 4, 19, 160, 4);
INSERT INTO 売上明細 (売上番号, 明細番号, 商品コード, 金額, 数量) VALUES (98, 5, 23, 110, 1);
INSERT INTO 売上明細 (売上番号, 明細番号, 商品コード, 金額, 数量) VALUES (99, 1, 10, 220, 1);
INSERT INTO 売上明細 (売上番号, 明細番号, 商品コード, 金額, 数量) VALUES (99, 2, 7, 200, 3);
INSERT INTO 売上明細 (売上番号, 明細番号, 商品コード, 金額, 数量) VALUES (99, 3, 23, 110, 1);
INSERT INTO 売上明細 (売上番号, 明細番号, 商品コード, 金額, 数量) VALUES (99, 4, 39, 250, 2);
INSERT INTO 売上明細 (売上番号, 明細番号, 商品コード, 金額, 数量) VALUES (99, 5, 3, 130, 2);
INSERT INTO 売上明細 (売上番号, 明細番号, 商品コード, 金額, 数量) VALUES (100, 1, 36, 0, 3);
INSERT INTO 売上明細 (売上番号, 明細番号, 商品コード, 金額, 数量) VALUES (100, 2, 21, 90, 2);
INSERT INTO 売上明細 (売上番号, 明細番号, 商品コード, 金額, 数量) VALUES (100, 3, 28, 200, 3);
INSERT INTO 売上明細 (売上番号, 明細番号, 商品コード, 金額, 数量) VALUES (100, 4, 22, 100, 2);
INSERT INTO 売上明細 (売上番号, 明細番号, 商品コード, 金額, 数量) VALUES (100, 5, 26, 200, 3);
